1,1,"<a href=""https://en.wikipedia.org/wiki/Maggie_Nelson"">Maggie Nelson's wiki page</a>"
5,5,<h1>This is a heading h1</h1>
7,7,<p>This is a paragraph</p>
10,10,<h2>Heading 2</h2>
11,11,<h3>Heading 3</h3>
14,14,<h4>Heading 4</h4>
16,16,"<body style=""background-color:powderblue;"">

<h1>This is a heading</h1>
<p>This is a paragraph.</p>

</body>"
18,18,<b>This text is bold</b>
20,20,<strong>This text is important!</strong>
21,21,<i>This text is italicized</i>
23,24,"<iframe width=""420"" height=""315""
src=""https://www.youtube.com/watch?v=rdUBpmyGJ-w"">
</iframe>"